DeliveryDate,WeekNumber,CategoryId,RetailerId,Sold
2021-03-01,9,0,B21B3B62-49B4-481C-B73E-B21ABFA553B7,0.0
2021-03-02,9,0,B21B3B62-49B4-481C-B73E-B21ABFA553B7,0.0
2021-03-03,9,0,B21B3B62-49B4-481C-B73E-B21ABFA553B7,0.0
2021-03-04,9,0,B21B3B62-49B4-481C-B73E-B21ABFA553B7,0.0
2021-03-05,9,0,B21B3B62-49B4-481C-B73E-B21ABFA553B7,0.0
2021-03-07,9,0,B21B3B62-49B4-481C-B73E-B21ABFA553B7,0.0
2021-03-08,10,0,B21B3B62-49B4-481C-B73E-B21ABFA553B7,0.0
2021-03-09,10,0,B21B3B62-49B4-481C-B73E-B21ABFA553B7,0.0
2021-03-10,10,0,B21B3B62-49B4-481C-B73E-B21ABFA553B7,0.0
2021-03-11,10,0,B21B3B62-49B4-481C-B73E-B21ABFA553B7,0.0
2021-03-12,10,0,B21B3B62-49B4-481C-B73E-B21ABFA553B7,0.0
2021-03-13,10,0,B21B3B62-49B4-481C-B73E-B21ABFA553B7,-1.0
2021-03-14,10,0,B21B3B62-49B4-481C-B73E-B21ABFA553B7,2.0
2021-03-15,11,0,B21B3B62-49B4-481C-B73E-B21ABFA553B7,-2.0
2021-03-16,11,0,B21B3B62-49B4-481C-B73E-B21ABFA553B7,-1.0
2021-03-17,11,0,B21B3B62-49B4-481C-B73E-B21ABFA553B7,0.0
2021-03-18,11,0,B21B3B62-49B4-481C-B73E-B21ABFA553B7,4.0
2021-03-19,11,0,B21B3B62-49B4-481C-B73E-B21ABFA553B7,3.0
2021-03-20,11,0,B21B3B62-49B4-481C-B73E-B21ABFA553B7,5.0
2021-03-21,11,0,B21B3B62-49B4-481C-B73E-B21ABFA553B7,
2021-03-01,9,1,B21B3B62-49B4-481C-B73E-B21ABFA553B7,12.0
2021-03-02,9,1,B21B3B62-49B4-481C-B73E-B21ABFA553B7,13.0
2021-03-03,9,1,B21B3B62-49B4-481C-B73E-B21ABFA553B7,12.0
2021-03-04,9,1,B21B3B62-49B4-481C-B73E-B21ABFA553B7,4.0
2021-03-05,9,1,B21B3B62-49B4-481C-B73E-B21ABFA553B7,8.0
2021-03-07,9,1,B21B3B62-49B4-481C-B73E-B21ABFA553B7,19.0
2021-03-08,10,1,B21B3B62-49B4-481C-B73E-B21ABFA553B7,24.0
2021-03-09,10,1,B21B3B62-49B4-481C-B73E-B21ABFA553B7,17.0
2021-03-10,10,1,B21B3B62-49B4-481C-B73E-B21ABFA553B7,11.0
2021-03-11,10,1,B21B3B62-49B4-481C-B73E-B21ABFA553B7,11.0
2021-03-12,10,1,B21B3B62-49B4-481C-B73E-B21ABFA553B7,3.0
2021-03-13,10,1,B21B3B62-49B4-481C-B73E-B21ABFA553B7,13.0
2021-03-14,10,1,B21B3B62-49B4-481C-B73E-B21ABFA553B7,11.0
2021-03-15,11,1,B21B3B62-49B4-481C-B73E-B21ABFA553B7,15.0
2021-03-16,11,1,B21B3B62-49B4-481C-B73E-B21ABFA553B7,11.0
2021-03-17,11,1,B21B3B62-49B4-481C-B73E-B21ABFA553B7,16.0
2021-03-18,11,1,B21B3B62-49B4-481C-B73E-B21ABFA553B7,17.0
2021-03-19,11,1,B21B3B62-49B4-481C-B73E-B21ABFA553B7,13.0
2021-03-20,11,1,B21B3B62-49B4-481C-B73E-B21ABFA553B7,15.0
2021-03-21,11,1,B21B3B62-49B4-481C-B73E-B21ABFA553B7,
2021-03-01,9,1,C0DDA564-6133-4750-847F-102F48B5C7AA,54.0
2021-03-02,9,1,C0DDA564-6133-4750-847F-102F48B5C7AA,70.0
2021-03-03,9,1,C0DDA564-6133-4750-847F-102F48B5C7AA,89.0
2021-03-04,9,1,C0DDA564-6133-4750-847F-102F48B5C7AA,87.0
2021-03-05,9,1,C0DDA564-6133-4750-847F-102F48B5C7AA,84.0
2021-03-07,9,1,C0DDA564-6133-4750-847F-102F48B5C7AA,54.0
2021-03-08,10,1,C0DDA564-6133-4750-847F-102F48B5C7AA,49.0
2021-03-09,10,1,C0DDA564-6133-4750-847F-102F48B5C7AA,56.0
2021-03-10,10,1,C0DDA564-6133-4750-847F-102F48B5C7AA,40.0
2021-03-11,10,1,C0DDA564-6133-4750-847F-102F48B5C7AA,50.0
2021-03-12,10,1,C0DDA564-6133-4750-847F-102F48B5C7AA,47.0
2021-03-13,10,1,C0DDA564-6133-4750-847F-102F48B5C7AA,32.0
2021-03-14,10,1,C0DDA564-6133-4750-847F-102F48B5C7AA,35.0
2021-03-15,11,1,C0DDA564-6133-4750-847F-102F48B5C7AA,37.0
2021-03-16,11,1,C0DDA564-6133-4750-847F-102F48B5C7AA,38.0
2021-03-17,11,1,C0DDA564-6133-4750-847F-102F48B5C7AA,29.0
2021-03-18,11,1,C0DDA564-6133-4750-847F-102F48B5C7AA,39.0
2021-03-19,11,1,C0DDA564-6133-4750-847F-102F48B5C7AA,27.0
2021-03-20,11,1,C0DDA564-6133-4750-847F-102F48B5C7AA,32.0
2021-03-21,11,1,C0DDA564-6133-4750-847F-102F48B5C7AA,
2021-03-01,9,2,B21B3B62-49B4-481C-B73E-B21ABFA553B7,35.0
2021-03-02,9,2,B21B3B62-49B4-481C-B73E-B21ABFA553B7,42.0
2021-03-03,9,2,B21B3B62-49B4-481C-B73E-B21ABFA553B7,31.0
2021-03-04,9,2,B21B3B62-49B4-481C-B73E-B21ABFA553B7,24.0
2021-03-05,9,2,B21B3B62-49B4-481C-B73E-B21ABFA553B7,31.0
2021-03-07,9,2,B21B3B62-49B4-481C-B73E-B21ABFA553B7,50.0
2021-03-08,10,2,B21B3B62-49B4-481C-B73E-B21ABFA553B7,48.0
2021-03-09,10,2,B21B3B62-49B4-481C-B73E-B21ABFA553B7,43.0
2021-03-10,10,2,B21B3B62-49B4-481C-B73E-B21ABFA553B7,27.0
2021-03-11,10,2,B21B3B62-49B4-481C-B73E-B21ABFA553B7,30.0
2021-03-12,10,2,B21B3B62-49B4-481C-B73E-B21ABFA553B7,33.0
2021-03-13,10,2,B21B3B62-49B4-481C-B73E-B21ABFA553B7,33.0
2021-03-14,10,2,B21B3B62-49B4-481C-B73E-B21ABFA553B7,21.0
2021-03-15,11,2,B21B3B62-49B4-481C-B73E-B21ABFA553B7,37.0
2021-03-16,11,2,B21B3B62-49B4-481C-B73E-B21ABFA553B7,17.0
2021-03-17,11,2,B21B3B62-49B4-481C-B73E-B21ABFA553B7,42.0
2021-03-18,11,2,B21B3B62-49B4-481C-B73E-B21ABFA553B7,24.0
2021-03-19,11,2,B21B3B62-49B4-481C-B73E-B21ABFA553B7,27.0
2021-03-20,11,2,B21B3B62-49B4-481C-B73E-B21ABFA553B7,26.0
2021-03-21,11,2,B21B3B62-49B4-481C-B73E-B21ABFA553B7,
2021-03-01,9,2,FC70BD02-66C4-453E-A830-0275027A0F98,43.0
2021-03-02,9,2,FC70BD02-66C4-453E-A830-0275027A0F98,41.0
2021-03-03,9,2,FC70BD02-66C4-453E-A830-0275027A0F98,41.0
2021-03-04,9,2,FC70BD02-66C4-453E-A830-0275027A0F98,45.0
2021-03-05,9,2,FC70BD02-66C4-453E-A830-0275027A0F98,38.0
2021-03-07,9,2,FC70BD02-66C4-453E-A830-0275027A0F98,46.0
2021-03-08,10,2,FC70BD02-66C4-453E-A830-0275027A0F98,40.0
2021-03-09,10,2,FC70BD02-66C4-453E-A830-0275027A0F98,49.0
2021-03-10,10,2,FC70BD02-66C4-453E-A830-0275027A0F98,34.0
2021-03-11,10,2,FC70BD02-66C4-453E-A830-0275027A0F98,49.0
2021-03-12,10,2,FC70BD02-66C4-453E-A830-0275027A0F98,60.0
2021-03-13,10,2,FC70BD02-66C4-453E-A830-0275027A0F98,45.0
2021-03-14,10,2,FC70BD02-66C4-453E-A830-0275027A0F98,50.0
2021-03-15,11,2,FC70BD02-66C4-453E-A830-0275027A0F98,54.0
2021-03-16,11,2,FC70BD02-66C4-453E-A830-0275027A0F98,45.0
2021-03-17,11,2,FC70BD02-66C4-453E-A830-0275027A0F98,57.0
2021-03-18,11,2,FC70BD02-66C4-453E-A830-0275027A0F98,50.0
2021-03-19,11,2,FC70BD02-66C4-453E-A830-0275027A0F98,51.0
2021-03-20,11,2,FC70BD02-66C4-453E-A830-0275027A0F98,41.0
2021-03-21,11,2,FC70BD02-66C4-453E-A830-0275027A0F98,
2021-03-01,9,2,C0DDA564-6133-4750-847F-102F48B5C7AA,646.0
2021-03-02,9,2,C0DDA564-6133-4750-847F-102F48B5C7AA,639.0
2021-03-03,9,2,C0DDA564-6133-4750-847F-102F48B5C7AA,527.0
2021-03-04,9,2,C0DDA564-6133-4750-847F-102F48B5C7AA,615.0
2021-03-05,9,2,C0DDA564-6133-4750-847F-102F48B5C7AA,669.0
2021-03-07,9,2,C0DDA564-6133-4750-847F-102F48B5C7AA,575.0
2021-03-08,10,2,C0DDA564-6133-4750-847F-102F48B5C7AA,685.0
2021-03-09,10,2,C0DDA564-6133-4750-847F-102F48B5C7AA,586.0
2021-03-10,10,2,C0DDA564-6133-4750-847F-102F48B5C7AA,570.0
2021-03-11,10,2,C0DDA564-6133-4750-847F-102F48B5C7AA,602.0
2021-03-12,10,2,C0DDA564-6133-4750-847F-102F48B5C7AA,633.0
2021-03-13,10,2,C0DDA564-6133-4750-847F-102F48B5C7AA,579.0
2021-03-14,10,2,C0DDA564-6133-4750-847F-102F48B5C7AA,607.0
2021-03-15,11,2,C0DDA564-6133-4750-847F-102F48B5C7AA,572.0
2021-03-16,11,2,C0DDA564-6133-4750-847F-102F48B5C7AA,606.0
2021-03-17,11,2,C0DDA564-6133-4750-847F-102F48B5C7AA,550.0
2021-03-18,11,2,C0DDA564-6133-4750-847F-102F48B5C7AA,567.0
2021-03-19,11,2,C0DDA564-6133-4750-847F-102F48B5C7AA,617.0
2021-03-20,11,2,C0DDA564-6133-4750-847F-102F48B5C7AA,556.0
2021-03-21,11,2,C0DDA564-6133-4750-847F-102F48B5C7AA,
2021-03-01,9,3,B21B3B62-49B4-481C-B73E-B21ABFA553B7,6.0
2021-03-02,9,3,B21B3B62-49B4-481C-B73E-B21ABFA553B7,5.0
2021-03-03,9,3,B21B3B62-49B4-481C-B73E-B21ABFA553B7,15.0
2021-03-04,9,3,B21B3B62-49B4-481C-B73E-B21ABFA553B7,15.0
2021-03-05,9,3,B21B3B62-49B4-481C-B73E-B21ABFA553B7,6.0
2021-03-07,9,3,B21B3B62-49B4-481C-B73E-B21ABFA553B7,18.0
2021-03-08,10,3,B21B3B62-49B4-481C-B73E-B21ABFA553B7,17.0
2021-03-09,10,3,B21B3B62-49B4-481C-B73E-B21ABFA553B7,14.0
2021-03-10,10,3,B21B3B62-49B4-481C-B73E-B21ABFA553B7,14.0
2021-03-11,10,3,B21B3B62-49B4-481C-B73E-B21ABFA553B7,11.0
2021-03-12,10,3,B21B3B62-49B4-481C-B73E-B21ABFA553B7,16.0
2021-03-13,10,3,B21B3B62-49B4-481C-B73E-B21ABFA553B7,19.0
2021-03-14,10,3,B21B3B62-49B4-481C-B73E-B21ABFA553B7,13.0
2021-03-15,11,3,B21B3B62-49B4-481C-B73E-B21ABFA553B7,12.0
2021-03-16,11,3,B21B3B62-49B4-481C-B73E-B21ABFA553B7,12.0
2021-03-17,11,3,B21B3B62-49B4-481C-B73E-B21ABFA553B7,28.0
2021-03-18,11,3,B21B3B62-49B4-481C-B73E-B21ABFA553B7,11.0
2021-03-19,11,3,B21B3B62-49B4-481C-B73E-B21ABFA553B7,14.0
2021-03-20,11,3,B21B3B62-49B4-481C-B73E-B21ABFA553B7,12.0
2021-03-21,11,3,B21B3B62-49B4-481C-B73E-B21ABFA553B7,
2021-03-01,9,4,B21B3B62-49B4-481C-B73E-B21ABFA553B7,132.0
2021-03-02,9,4,B21B3B62-49B4-481C-B73E-B21ABFA553B7,104.0
2021-03-03,9,4,B21B3B62-49B4-481C-B73E-B21ABFA553B7,140.0
2021-03-04,9,4,B21B3B62-49B4-481C-B73E-B21ABFA553B7,109.0
2021-03-05,9,4,B21B3B62-49B4-481C-B73E-B21ABFA553B7,109.0
2021-03-07,9,4,B21B3B62-49B4-481C-B73E-B21ABFA553B7,151.0
2021-03-08,10,4,B21B3B62-49B4-481C-B73E-B21ABFA553B7,166.0
2021-03-09,10,4,B21B3B62-49B4-481C-B73E-B21ABFA553B7,128.0
2021-03-10,10,4,B21B3B62-49B4-481C-B73E-B21ABFA553B7,119.0
2021-03-11,10,4,B21B3B62-49B4-481C-B73E-B21ABFA553B7,127.0
2021-03-12,10,4,B21B3B62-49B4-481C-B73E-B21ABFA553B7,134.0
2021-03-13,10,4,B21B3B62-49B4-481C-B73E-B21ABFA553B7,118.0
2021-03-14,10,4,B21B3B62-49B4-481C-B73E-B21ABFA553B7,139.0
2021-03-15,11,4,B21B3B62-49B4-481C-B73E-B21ABFA553B7,156.0
2021-03-16,11,4,B21B3B62-49B4-481C-B73E-B21ABFA553B7,160.0
2021-03-17,11,4,B21B3B62-49B4-481C-B73E-B21ABFA553B7,130.0
2021-03-18,11,4,B21B3B62-49B4-481C-B73E-B21ABFA553B7,100.0
2021-03-19,11,4,B21B3B62-49B4-481C-B73E-B21ABFA553B7,121.0
2021-03-20,11,4,B21B3B62-49B4-481C-B73E-B21ABFA553B7,114.0
2021-03-21,11,4,B21B3B62-49B4-481C-B73E-B21ABFA553B7,
2021-03-01,9,4,FC70BD02-66C4-453E-A830-0275027A0F98,83.0
2021-03-02,9,4,FC70BD02-66C4-453E-A830-0275027A0F98,88.0
2021-03-03,9,4,FC70BD02-66C4-453E-A830-0275027A0F98,75.0
2021-03-04,9,4,FC70BD02-66C4-453E-A830-0275027A0F98,82.0
2021-03-05,9,4,FC70BD02-66C4-453E-A830-0275027A0F98,68.0
2021-03-07,9,4,FC70BD02-66C4-453E-A830-0275027A0F98,90.0
2021-03-08,10,4,FC70BD02-66C4-453E-A830-0275027A0F98,96.0
2021-03-09,10,4,FC70BD02-66C4-453E-A830-0275027A0F98,89.0
2021-03-10,10,4,FC70BD02-66C4-453E-A830-0275027A0F98,74.0
2021-03-11,10,4,FC70BD02-66C4-453E-A830-0275027A0F98,91.0
2021-03-12,10,4,FC70BD02-66C4-453E-A830-0275027A0F98,76.0
2021-03-13,10,4,FC70BD02-66C4-453E-A830-0275027A0F98,65.0
2021-03-14,10,4,FC70BD02-66C4-453E-A830-0275027A0F98,103.0
2021-03-15,11,4,FC70BD02-66C4-453E-A830-0275027A0F98,80.0
2021-03-16,11,4,FC70BD02-66C4-453E-A830-0275027A0F98,81.0
2021-03-17,11,4,FC70BD02-66C4-453E-A830-0275027A0F98,80.0
2021-03-18,11,4,FC70BD02-66C4-453E-A830-0275027A0F98,91.0
2021-03-19,11,4,FC70BD02-66C4-453E-A830-0275027A0F98,85.0
2021-03-20,11,4,FC70BD02-66C4-453E-A830-0275027A0F98,69.0
2021-03-21,11,4,FC70BD02-66C4-453E-A830-0275027A0F98,
2021-03-01,9,4,C0DDA564-6133-4750-847F-102F48B5C7AA,1568.0
2021-03-02,9,4,C0DDA564-6133-4750-847F-102F48B5C7AA,1316.0
2021-03-03,9,4,C0DDA564-6133-4750-847F-102F48B5C7AA,1100.0
2021-03-04,9,4,C0DDA564-6133-4750-847F-102F48B5C7AA,1282.0
2021-03-05,9,4,C0DDA564-6133-4750-847F-102F48B5C7AA,1337.0
2021-03-07,9,4,C0DDA564-6133-4750-847F-102F48B5C7AA,1415.0
2021-03-08,10,4,C0DDA564-6133-4750-847F-102F48B5C7AA,1593.0
2021-03-09,10,4,C0DDA564-6133-4750-847F-102F48B5C7AA,1565.0
2021-03-10,10,4,C0DDA564-6133-4750-847F-102F48B5C7AA,1258.0
2021-03-11,10,4,C0DDA564-6133-4750-847F-102F48B5C7AA,1263.0
2021-03-12,10,4,C0DDA564-6133-4750-847F-102F48B5C7AA,1135.0
2021-03-13,10,4,C0DDA564-6133-4750-847F-102F48B5C7AA,1141.0
2021-03-14,10,4,C0DDA564-6133-4750-847F-102F48B5C7AA,1350.0
2021-03-15,11,4,C0DDA564-6133-4750-847F-102F48B5C7AA,1364.0
2021-03-16,11,4,C0DDA564-6133-4750-847F-102F48B5C7AA,1349.0
2021-03-17,11,4,C0DDA564-6133-4750-847F-102F48B5C7AA,1251.0
2021-03-18,11,4,C0DDA564-6133-4750-847F-102F48B5C7AA,1230.0
2021-03-19,11,4,C0DDA564-6133-4750-847F-102F48B5C7AA,1166.0
2021-03-20,11,4,C0DDA564-6133-4750-847F-102F48B5C7AA,894.0
2021-03-21,11,4,C0DDA564-6133-4750-847F-102F48B5C7AA,
2021-03-01,9,5,B21B3B62-49B4-481C-B73E-B21ABFA553B7,126.0
2021-03-02,9,5,B21B3B62-49B4-481C-B73E-B21ABFA553B7,121.0
2021-03-03,9,5,B21B3B62-49B4-481C-B73E-B21ABFA553B7,101.0
2021-03-04,9,5,B21B3B62-49B4-481C-B73E-B21ABFA553B7,122.0
2021-03-05,9,5,B21B3B62-49B4-481C-B73E-B21ABFA553B7,148.0
2021-03-07,9,5,B21B3B62-49B4-481C-B73E-B21ABFA553B7,124.0
2021-03-08,10,5,B21B3B62-49B4-481C-B73E-B21ABFA553B7,133.0
2021-03-09,10,5,B21B3B62-49B4-481C-B73E-B21ABFA553B7,113.0
2021-03-10,10,5,B21B3B62-49B4-481C-B73E-B21ABFA553B7,134.0
2021-03-11,10,5,B21B3B62-49B4-481C-B73E-B21ABFA553B7,131.0
2021-03-12,10,5,B21B3B62-49B4-481C-B73E-B21ABFA553B7,123.0
2021-03-13,10,5,B21B3B62-49B4-481C-B73E-B21ABFA553B7,133.0
2021-03-14,10,5,B21B3B62-49B4-481C-B73E-B21ABFA553B7,109.0
2021-03-15,11,5,B21B3B62-49B4-481C-B73E-B21ABFA553B7,140.0
2021-03-16,11,5,B21B3B62-49B4-481C-B73E-B21ABFA553B7,131.0
2021-03-17,11,5,B21B3B62-49B4-481C-B73E-B21ABFA553B7,135.0
2021-03-18,11,5,B21B3B62-49B4-481C-B73E-B21ABFA553B7,145.0
2021-03-19,11,5,B21B3B62-49B4-481C-B73E-B21ABFA553B7,105.0
2021-03-20,11,5,B21B3B62-49B4-481C-B73E-B21ABFA553B7,117.0
2021-03-21,11,5,B21B3B62-49B4-481C-B73E-B21ABFA553B7,
2021-03-01,9,5,FC70BD02-66C4-453E-A830-0275027A0F98,148.0
2021-03-02,9,5,FC70BD02-66C4-453E-A830-0275027A0F98,167.0
2021-03-03,9,5,FC70BD02-66C4-453E-A830-0275027A0F98,147.0
2021-03-04,9,5,FC70BD02-66C4-453E-A830-0275027A0F98,192.0
2021-03-05,9,5,FC70BD02-66C4-453E-A830-0275027A0F98,158.0
2021-03-07,9,5,FC70BD02-66C4-453E-A830-0275027A0F98,171.0
2021-03-08,10,5,FC70BD02-66C4-453E-A830-0275027A0F98,189.0
2021-03-09,10,5,FC70BD02-66C4-453E-A830-0275027A0F98,166.0
2021-03-10,10,5,FC70BD02-66C4-453E-A830-0275027A0F98,167.0
2021-03-11,10,5,FC70BD02-66C4-453E-A830-0275027A0F98,186.0
2021-03-12,10,5,FC70BD02-66C4-453E-A830-0275027A0F98,125.0
2021-03-13,10,5,FC70BD02-66C4-453E-A830-0275027A0F98,158.0
2021-03-14,10,5,FC70BD02-66C4-453E-A830-0275027A0F98,180.0
2021-03-15,11,5,FC70BD02-66C4-453E-A830-0275027A0F98,170.0
2021-03-16,11,5,FC70BD02-66C4-453E-A830-0275027A0F98,187.0
2021-03-17,11,5,FC70BD02-66C4-453E-A830-0275027A0F98,170.0
2021-03-18,11,5,FC70BD02-66C4-453E-A830-0275027A0F98,208.0
2021-03-19,11,5,FC70BD02-66C4-453E-A830-0275027A0F98,168.0
2021-03-20,11,5,FC70BD02-66C4-453E-A830-0275027A0F98,146.0
2021-03-21,11,5,FC70BD02-66C4-453E-A830-0275027A0F98,
2021-03-01,9,5,C0DDA564-6133-4750-847F-102F48B5C7AA,2081.0
2021-03-02,9,5,C0DDA564-6133-4750-847F-102F48B5C7AA,2062.0
2021-03-03,9,5,C0DDA564-6133-4750-847F-102F48B5C7AA,1673.0
2021-03-04,9,5,C0DDA564-6133-4750-847F-102F48B5C7AA,2096.0
2021-03-05,9,5,C0DDA564-6133-4750-847F-102F48B5C7AA,2117.0
2021-03-07,9,5,C0DDA564-6133-4750-847F-102F48B5C7AA,1912.0
2021-03-08,10,5,C0DDA564-6133-4750-847F-102F48B5C7AA,2202.0
2021-03-09,10,5,C0DDA564-6133-4750-847F-102F48B5C7AA,2029.0
2021-03-10,10,5,C0DDA564-6133-4750-847F-102F48B5C7AA,1838.0
2021-03-11,10,5,C0DDA564-6133-4750-847F-102F48B5C7AA,2008.0
2021-03-12,10,5,C0DDA564-6133-4750-847F-102F48B5C7AA,2204.0
2021-03-13,10,5,C0DDA564-6133-4750-847F-102F48B5C7AA,1946.0
2021-03-14,10,5,C0DDA564-6133-4750-847F-102F48B5C7AA,1868.0
2021-03-15,11,5,C0DDA564-6133-4750-847F-102F48B5C7AA,2029.0
2021-03-16,11,5,C0DDA564-6133-4750-847F-102F48B5C7AA,2132.0
2021-03-17,11,5,C0DDA564-6133-4750-847F-102F48B5C7AA,1993.0
2021-03-18,11,5,C0DDA564-6133-4750-847F-102F48B5C7AA,2003.0
2021-03-19,11,5,C0DDA564-6133-4750-847F-102F48B5C7AA,2040.0
2021-03-20,11,5,C0DDA564-6133-4750-847F-102F48B5C7AA,1802.0
2021-03-21,11,5,C0DDA564-6133-4750-847F-102F48B5C7AA,
2021-03-01,9,6,B21B3B62-49B4-481C-B73E-B21ABFA553B7,16.0
2021-03-02,9,6,B21B3B62-49B4-481C-B73E-B21ABFA553B7,30.0
2021-03-03,9,6,B21B3B62-49B4-481C-B73E-B21ABFA553B7,23.0
2021-03-04,9,6,B21B3B62-49B4-481C-B73E-B21ABFA553B7,30.0
2021-03-05,9,6,B21B3B62-49B4-481C-B73E-B21ABFA553B7,17.0
2021-03-07,9,6,B21B3B62-49B4-481C-B73E-B21ABFA553B7,24.0
2021-03-08,10,6,B21B3B62-49B4-481C-B73E-B21ABFA553B7,26.0
2021-03-09,10,6,B21B3B62-49B4-481C-B73E-B21ABFA553B7,23.0
2021-03-10,10,6,B21B3B62-49B4-481C-B73E-B21ABFA553B7,25.0
2021-03-11,10,6,B21B3B62-49B4-481C-B73E-B21ABFA553B7,13.0
2021-03-12,10,6,B21B3B62-49B4-481C-B73E-B21ABFA553B7,20.0
2021-03-13,10,6,B21B3B62-49B4-481C-B73E-B21ABFA553B7,22.0
2021-03-14,10,6,B21B3B62-49B4-481C-B73E-B21ABFA553B7,24.0
2021-03-15,11,6,B21B3B62-49B4-481C-B73E-B21ABFA553B7,20.0
2021-03-16,11,6,B21B3B62-49B4-481C-B73E-B21ABFA553B7,24.0
2021-03-17,11,6,B21B3B62-49B4-481C-B73E-B21ABFA553B7,21.0
2021-03-18,11,6,B21B3B62-49B4-481C-B73E-B21ABFA553B7,12.0
2021-03-19,11,6,B21B3B62-49B4-481C-B73E-B21ABFA553B7,9.0
2021-03-20,11,6,B21B3B62-49B4-481C-B73E-B21ABFA553B7,21.0
2021-03-21,11,6,B21B3B62-49B4-481C-B73E-B21ABFA553B7,
2021-03-01,9,6,FC70BD02-66C4-453E-A830-0275027A0F98,10.0
2021-03-02,9,6,FC70BD02-66C4-453E-A830-0275027A0F98,13.0
2021-03-03,9,6,FC70BD02-66C4-453E-A830-0275027A0F98,8.0
2021-03-04,9,6,FC70BD02-66C4-453E-A830-0275027A0F98,6.0
2021-03-05,9,6,FC70BD02-66C4-453E-A830-0275027A0F98,8.0
2021-03-07,9,6,FC70BD02-66C4-453E-A830-0275027A0F98,13.0
2021-03-08,10,6,FC70BD02-66C4-453E-A830-0275027A0F98,2.0
2021-03-09,10,6,FC70BD02-66C4-453E-A830-0275027A0F98,-1.0
2021-03-10,10,6,FC70BD02-66C4-453E-A830-0275027A0F98,6.0
2021-03-11,10,6,FC70BD02-66C4-453E-A830-0275027A0F98,15.0
2021-03-12,10,6,FC70BD02-66C4-453E-A830-0275027A0F98,0.0
2021-03-13,10,6,FC70BD02-66C4-453E-A830-0275027A0F98,1.0
2021-03-14,10,6,FC70BD02-66C4-453E-A830-0275027A0F98,17.0
2021-03-15,11,6,FC70BD02-66C4-453E-A830-0275027A0F98,5.0
2021-03-16,11,6,FC70BD02-66C4-453E-A830-0275027A0F98,7.0
2021-03-17,11,6,FC70BD02-66C4-453E-A830-0275027A0F98,3.0
2021-03-18,11,6,FC70BD02-66C4-453E-A830-0275027A0F98,7.0
2021-03-19,11,6,FC70BD02-66C4-453E-A830-0275027A0F98,9.0
2021-03-20,11,6,FC70BD02-66C4-453E-A830-0275027A0F98,8.0
2021-03-21,11,6,FC70BD02-66C4-453E-A830-0275027A0F98,
2021-03-01,9,6,C0DDA564-6133-4750-847F-102F48B5C7AA,0.0
2021-03-02,9,6,C0DDA564-6133-4750-847F-102F48B5C7AA,0.0
2021-03-03,9,6,C0DDA564-6133-4750-847F-102F48B5C7AA,0.0
2021-03-04,9,6,C0DDA564-6133-4750-847F-102F48B5C7AA,0.0
2021-03-05,9,6,C0DDA564-6133-4750-847F-102F48B5C7AA,0.0
2021-03-07,9,6,C0DDA564-6133-4750-847F-102F48B5C7AA,0.0
2021-03-08,10,6,C0DDA564-6133-4750-847F-102F48B5C7AA,0.0
2021-03-09,10,6,C0DDA564-6133-4750-847F-102F48B5C7AA,0.0
2021-03-10,10,6,C0DDA564-6133-4750-847F-102F48B5C7AA,0.0
2021-03-11,10,6,C0DDA564-6133-4750-847F-102F48B5C7AA,0.0
2021-03-12,10,6,C0DDA564-6133-4750-847F-102F48B5C7AA,0.0
2021-03-13,10,6,C0DDA564-6133-4750-847F-102F48B5C7AA,-1.0
2021-03-14,10,6,C0DDA564-6133-4750-847F-102F48B5C7AA,0.0
2021-03-15,11,6,C0DDA564-6133-4750-847F-102F48B5C7AA,0.0
2021-03-16,11,6,C0DDA564-6133-4750-847F-102F48B5C7AA,0.0
2021-03-17,11,6,C0DDA564-6133-4750-847F-102F48B5C7AA,0.0
2021-03-18,11,6,C0DDA564-6133-4750-847F-102F48B5C7AA,0.0
2021-03-19,11,6,C0DDA564-6133-4750-847F-102F48B5C7AA,0.0
2021-03-20,11,6,C0DDA564-6133-4750-847F-102F48B5C7AA,0.0
2021-03-21,11,6,C0DDA564-6133-4750-847F-102F48B5C7AA,
2021-03-01,9,7,B21B3B62-49B4-481C-B73E-B21ABFA553B7,39.0
2021-03-02,9,7,B21B3B62-49B4-481C-B73E-B21ABFA553B7,83.0
2021-03-03,9,7,B21B3B62-49B4-481C-B73E-B21ABFA553B7,51.0
2021-03-04,9,7,B21B3B62-49B4-481C-B73E-B21ABFA553B7,60.0
2021-03-05,9,7,B21B3B62-49B4-481C-B73E-B21ABFA553B7,79.0
2021-03-07,9,7,B21B3B62-49B4-481C-B73E-B21ABFA553B7,73.0
2021-03-08,10,7,B21B3B62-49B4-481C-B73E-B21ABFA553B7,58.0
2021-03-09,10,7,B21B3B62-49B4-481C-B73E-B21ABFA553B7,57.0
2021-03-10,10,7,B21B3B62-49B4-481C-B73E-B21ABFA553B7,68.0
2021-03-11,10,7,B21B3B62-49B4-481C-B73E-B21ABFA553B7,51.0
2021-03-12,10,7,B21B3B62-49B4-481C-B73E-B21ABFA553B7,60.0
2021-03-13,10,7,B21B3B62-49B4-481C-B73E-B21ABFA553B7,51.0
2021-03-14,10,7,B21B3B62-49B4-481C-B73E-B21ABFA553B7,78.0
2021-03-15,11,7,B21B3B62-49B4-481C-B73E-B21ABFA553B7,78.0
2021-03-16,11,7,B21B3B62-49B4-481C-B73E-B21ABFA553B7,68.0
2021-03-17,11,7,B21B3B62-49B4-481C-B73E-B21ABFA553B7,46.0
2021-03-18,11,7,B21B3B62-49B4-481C-B73E-B21ABFA553B7,52.0
2021-03-19,11,7,B21B3B62-49B4-481C-B73E-B21ABFA553B7,57.0
2021-03-20,11,7,B21B3B62-49B4-481C-B73E-B21ABFA553B7,60.0
2021-03-21,11,7,B21B3B62-49B4-481C-B73E-B21ABFA553B7,
2021-03-01,9,7,FC70BD02-66C4-453E-A830-0275027A0F98,36.0
2021-03-02,9,7,FC70BD02-66C4-453E-A830-0275027A0F98,29.0
2021-03-03,9,7,FC70BD02-66C4-453E-A830-0275027A0F98,48.0
2021-03-04,9,7,FC70BD02-66C4-453E-A830-0275027A0F98,46.0
2021-03-05,9,7,FC70BD02-66C4-453E-A830-0275027A0F98,45.0
2021-03-07,9,7,FC70BD02-66C4-453E-A830-0275027A0F98,58.0
2021-03-08,10,7,FC70BD02-66C4-453E-A830-0275027A0F98,43.0
2021-03-09,10,7,FC70BD02-66C4-453E-A830-0275027A0F98,33.0
2021-03-10,10,7,FC70BD02-66C4-453E-A830-0275027A0F98,44.0
2021-03-11,10,7,FC70BD02-66C4-453E-A830-0275027A0F98,39.0
2021-03-12,10,7,FC70BD02-66C4-453E-A830-0275027A0F98,42.0
2021-03-13,10,7,FC70BD02-66C4-453E-A830-0275027A0F98,55.0
2021-03-14,10,7,FC70BD02-66C4-453E-A830-0275027A0F98,66.0
2021-03-15,11,7,FC70BD02-66C4-453E-A830-0275027A0F98,46.0
2021-03-16,11,7,FC70BD02-66C4-453E-A830-0275027A0F98,38.0
2021-03-17,11,7,FC70BD02-66C4-453E-A830-0275027A0F98,55.0
2021-03-18,11,7,FC70BD02-66C4-453E-A830-0275027A0F98,46.0
2021-03-19,11,7,FC70BD02-66C4-453E-A830-0275027A0F98,48.0
2021-03-20,11,7,FC70BD02-66C4-453E-A830-0275027A0F98,55.0
2021-03-21,11,7,FC70BD02-66C4-453E-A830-0275027A0F98,
2021-03-01,9,8,B21B3B62-49B4-481C-B73E-B21ABFA553B7,67.0
2021-03-02,9,8,B21B3B62-49B4-481C-B73E-B21ABFA553B7,68.0
2021-03-03,9,8,B21B3B62-49B4-481C-B73E-B21ABFA553B7,49.0
2021-03-04,9,8,B21B3B62-49B4-481C-B73E-B21ABFA553B7,51.0
2021-03-05,9,8,B21B3B62-49B4-481C-B73E-B21ABFA553B7,42.0
2021-03-07,9,8,B21B3B62-49B4-481C-B73E-B21ABFA553B7,64.0
2021-03-08,10,8,B21B3B62-49B4-481C-B73E-B21ABFA553B7,61.0
2021-03-09,10,8,B21B3B62-49B4-481C-B73E-B21ABFA553B7,55.0
2021-03-10,10,8,B21B3B62-49B4-481C-B73E-B21ABFA553B7,55.0
2021-03-11,10,8,B21B3B62-49B4-481C-B73E-B21ABFA553B7,57.0
2021-03-12,10,8,B21B3B62-49B4-481C-B73E-B21ABFA553B7,58.0
2021-03-13,10,8,B21B3B62-49B4-481C-B73E-B21ABFA553B7,46.0
2021-03-14,10,8,B21B3B62-49B4-481C-B73E-B21ABFA553B7,58.0
2021-03-15,11,8,B21B3B62-49B4-481C-B73E-B21ABFA553B7,60.0
2021-03-16,11,8,B21B3B62-49B4-481C-B73E-B21ABFA553B7,38.0
2021-03-17,11,8,B21B3B62-49B4-481C-B73E-B21ABFA553B7,55.0
2021-03-18,11,8,B21B3B62-49B4-481C-B73E-B21ABFA553B7,36.0
2021-03-19,11,8,B21B3B62-49B4-481C-B73E-B21ABFA553B7,37.0
2021-03-20,11,8,B21B3B62-49B4-481C-B73E-B21ABFA553B7,52.0
2021-03-21,11,8,B21B3B62-49B4-481C-B73E-B21ABFA553B7,
2021-03-01,9,8,FC70BD02-66C4-453E-A830-0275027A0F98,96.0
2021-03-02,9,8,FC70BD02-66C4-453E-A830-0275027A0F98,76.0
2021-03-03,9,8,FC70BD02-66C4-453E-A830-0275027A0F98,80.0
2021-03-04,9,8,FC70BD02-66C4-453E-A830-0275027A0F98,76.0
2021-03-05,9,8,FC70BD02-66C4-453E-A830-0275027A0F98,73.0
2021-03-07,9,8,FC70BD02-66C4-453E-A830-0275027A0F98,87.0
2021-03-08,10,8,FC70BD02-66C4-453E-A830-0275027A0F98,81.0
2021-03-09,10,8,FC70BD02-66C4-453E-A830-0275027A0F98,78.0
2021-03-10,10,8,FC70BD02-66C4-453E-A830-0275027A0F98,71.0
2021-03-11,10,8,FC70BD02-66C4-453E-A830-0275027A0F98,97.0
2021-03-12,10,8,FC70BD02-66C4-453E-A830-0275027A0F98,72.0
2021-03-13,10,8,FC70BD02-66C4-453E-A830-0275027A0F98,55.0
2021-03-14,10,8,FC70BD02-66C4-453E-A830-0275027A0F98,82.0
2021-03-15,11,8,FC70BD02-66C4-453E-A830-0275027A0F98,106.0
2021-03-16,11,8,FC70BD02-66C4-453E-A830-0275027A0F98,61.0
2021-03-17,11,8,FC70BD02-66C4-453E-A830-0275027A0F98,69.0
2021-03-18,11,8,FC70BD02-66C4-453E-A830-0275027A0F98,79.0
2021-03-19,11,8,FC70BD02-66C4-453E-A830-0275027A0F98,71.0
2021-03-20,11,8,FC70BD02-66C4-453E-A830-0275027A0F98,73.0
2021-03-21,11,8,FC70BD02-66C4-453E-A830-0275027A0F98,
2021-03-01,9,8,C0DDA564-6133-4750-847F-102F48B5C7AA,1177.0
2021-03-02,9,8,C0DDA564-6133-4750-847F-102F48B5C7AA,1240.0
2021-03-03,9,8,C0DDA564-6133-4750-847F-102F48B5C7AA,940.0
2021-03-04,9,8,C0DDA564-6133-4750-847F-102F48B5C7AA,1244.0
2021-03-05,9,8,C0DDA564-6133-4750-847F-102F48B5C7AA,1225.0
2021-03-07,9,8,C0DDA564-6133-4750-847F-102F48B5C7AA,1128.0
2021-03-08,10,8,C0DDA564-6133-4750-847F-102F48B5C7AA,1213.0
2021-03-09,10,8,C0DDA564-6133-4750-847F-102F48B5C7AA,1239.0
2021-03-10,10,8,C0DDA564-6133-4750-847F-102F48B5C7AA,1025.0
2021-03-11,10,8,C0DDA564-6133-4750-847F-102F48B5C7AA,1144.0
2021-03-12,10,8,C0DDA564-6133-4750-847F-102F48B5C7AA,1161.0
2021-03-13,10,8,C0DDA564-6133-4750-847F-102F48B5C7AA,1051.0
2021-03-14,10,8,C0DDA564-6133-4750-847F-102F48B5C7AA,1089.0
2021-03-15,11,8,C0DDA564-6133-4750-847F-102F48B5C7AA,1110.0
2021-03-16,11,8,C0DDA564-6133-4750-847F-102F48B5C7AA,1175.0
2021-03-17,11,8,C0DDA564-6133-4750-847F-102F48B5C7AA,1057.0
2021-03-18,11,8,C0DDA564-6133-4750-847F-102F48B5C7AA,1103.0
2021-03-19,11,8,C0DDA564-6133-4750-847F-102F48B5C7AA,1066.0
2021-03-20,11,8,C0DDA564-6133-4750-847F-102F48B5C7AA,1036.0
2021-03-21,11,8,C0DDA564-6133-4750-847F-102F48B5C7AA,
2021-03-01,9,9,FC70BD02-66C4-453E-A830-0275027A0F98,9.0
2021-03-02,9,9,FC70BD02-66C4-453E-A830-0275027A0F98,18.0
2021-03-03,9,9,FC70BD02-66C4-453E-A830-0275027A0F98,16.0
2021-03-04,9,9,FC70BD02-66C4-453E-A830-0275027A0F98,7.0
2021-03-05,9,9,FC70BD02-66C4-453E-A830-0275027A0F98,22.0
2021-03-07,9,9,FC70BD02-66C4-453E-A830-0275027A0F98,27.0
2021-03-08,10,9,FC70BD02-66C4-453E-A830-0275027A0F98,17.0
2021-03-09,10,9,FC70BD02-66C4-453E-A830-0275027A0F98,12.0
2021-03-10,10,9,FC70BD02-66C4-453E-A830-0275027A0F98,9.0
2021-03-11,10,9,FC70BD02-66C4-453E-A830-0275027A0F98,12.0
2021-03-12,10,9,FC70BD02-66C4-453E-A830-0275027A0F98,8.0
2021-03-13,10,9,FC70BD02-66C4-453E-A830-0275027A0F98,16.0
2021-03-14,10,9,FC70BD02-66C4-453E-A830-0275027A0F98,15.0
2021-03-15,11,9,FC70BD02-66C4-453E-A830-0275027A0F98,6.0
2021-03-16,11,9,FC70BD02-66C4-453E-A830-0275027A0F98,11.0
2021-03-17,11,9,FC70BD02-66C4-453E-A830-0275027A0F98,14.0
2021-03-18,11,9,FC70BD02-66C4-453E-A830-0275027A0F98,12.0
2021-03-19,11,9,FC70BD02-66C4-453E-A830-0275027A0F98,14.0
2021-03-20,11,9,FC70BD02-66C4-453E-A830-0275027A0F98,11.0
2021-03-21,11,9,FC70BD02-66C4-453E-A830-0275027A0F98,
2021-03-01,9,9,C0DDA564-6133-4750-847F-102F48B5C7AA,106.0
2021-03-02,9,9,C0DDA564-6133-4750-847F-102F48B5C7AA,120.0
2021-03-03,9,9,C0DDA564-6133-4750-847F-102F48B5C7AA,100.0
2021-03-04,9,9,C0DDA564-6133-4750-847F-102F48B5C7AA,107.0
2021-03-05,9,9,C0DDA564-6133-4750-847F-102F48B5C7AA,189.0
2021-03-07,9,9,C0DDA564-6133-4750-847F-102F48B5C7AA,175.0
2021-03-08,10,9,C0DDA564-6133-4750-847F-102F48B5C7AA,99.0
2021-03-09,10,9,C0DDA564-6133-4750-847F-102F48B5C7AA,137.0
2021-03-10,10,9,C0DDA564-6133-4750-847F-102F48B5C7AA,109.0
2021-03-11,10,9,C0DDA564-6133-4750-847F-102F48B5C7AA,143.0
2021-03-12,10,9,C0DDA564-6133-4750-847F-102F48B5C7AA,181.0
2021-03-13,10,9,C0DDA564-6133-4750-847F-102F48B5C7AA,222.0
2021-03-14,10,9,C0DDA564-6133-4750-847F-102F48B5C7AA,184.0
2021-03-15,11,9,C0DDA564-6133-4750-847F-102F48B5C7AA,119.0
2021-03-16,11,9,C0DDA564-6133-4750-847F-102F48B5C7AA,124.0
2021-03-17,11,9,C0DDA564-6133-4750-847F-102F48B5C7AA,123.0
2021-03-18,11,9,C0DDA564-6133-4750-847F-102F48B5C7AA,136.0
2021-03-19,11,9,C0DDA564-6133-4750-847F-102F48B5C7AA,201.0
2021-03-20,11,9,C0DDA564-6133-4750-847F-102F48B5C7AA,210.0
2021-03-21,11,9,C0DDA564-6133-4750-847F-102F48B5C7AA,
2021-03-01,9,10,FC70BD02-66C4-453E-A830-0275027A0F98,1316.0
2021-03-02,9,10,FC70BD02-66C4-453E-A830-0275027A0F98,1213.0
2021-03-03,9,10,FC70BD02-66C4-453E-A830-0275027A0F98,1220.0
2021-03-04,9,10,FC70BD02-66C4-453E-A830-0275027A0F98,1198.0
2021-03-05,9,10,FC70BD02-66C4-453E-A830-0275027A0F98,1270.0
2021-03-07,9,10,FC70BD02-66C4-453E-A830-0275027A0F98,1806.0
2021-03-08,10,10,FC70BD02-66C4-453E-A830-0275027A0F98,1310.0
2021-03-09,10,10,FC70BD02-66C4-453E-A830-0275027A0F98,1253.0
2021-03-10,10,10,FC70BD02-66C4-453E-A830-0275027A0F98,1305.0
2021-03-11,10,10,FC70BD02-66C4-453E-A830-0275027A0F98,1359.0
2021-03-12,10,10,FC70BD02-66C4-453E-A830-0275027A0F98,1304.0
2021-03-13,10,10,FC70BD02-66C4-453E-A830-0275027A0F98,1666.0
2021-03-14,10,10,FC70BD02-66C4-453E-A830-0275027A0F98,1964.0
2021-03-15,11,10,FC70BD02-66C4-453E-A830-0275027A0F98,1398.0
2021-03-16,11,10,FC70BD02-66C4-453E-A830-0275027A0F98,1467.0
2021-03-17,11,10,FC70BD02-66C4-453E-A830-0275027A0F98,1393.0
2021-03-18,11,10,FC70BD02-66C4-453E-A830-0275027A0F98,1407.0
2021-03-19,11,10,FC70BD02-66C4-453E-A830-0275027A0F98,1599.0
2021-03-20,11,10,FC70BD02-66C4-453E-A830-0275027A0F98,1880.0
2021-03-21,11,10,FC70BD02-66C4-453E-A830-0275027A0F98,
2021-03-01,9,10,C0DDA564-6133-4750-847F-102F48B5C7AA,11494.0
2021-03-02,9,10,C0DDA564-6133-4750-847F-102F48B5C7AA,11306.0
2021-03-03,9,10,C0DDA564-6133-4750-847F-102F48B5C7AA,9459.0
2021-03-04,9,10,C0DDA564-6133-4750-847F-102F48B5C7AA,10622.0
2021-03-05,9,10,C0DDA564-6133-4750-847F-102F48B5C7AA,11793.0
2021-03-07,9,10,C0DDA564-6133-4750-847F-102F48B5C7AA,13872.0
2021-03-08,10,10,C0DDA564-6133-4750-847F-102F48B5C7AA,12103.0
2021-03-09,10,10,C0DDA564-6133-4750-847F-102F48B5C7AA,11412.0
2021-03-10,10,10,C0DDA564-6133-4750-847F-102F48B5C7AA,10173.0
2021-03-11,10,10,C0DDA564-6133-4750-847F-102F48B5C7AA,10477.0
2021-03-12,10,10,C0DDA564-6133-4750-847F-102F48B5C7AA,11285.0
2021-03-13,10,10,C0DDA564-6133-4750-847F-102F48B5C7AA,13193.0
2021-03-14,10,10,C0DDA564-6133-4750-847F-102F48B5C7AA,13770.0
2021-03-15,11,10,C0DDA564-6133-4750-847F-102F48B5C7AA,11026.0
2021-03-16,11,10,C0DDA564-6133-4750-847F-102F48B5C7AA,11462.0
2021-03-17,11,10,C0DDA564-6133-4750-847F-102F48B5C7AA,10949.0
2021-03-18,11,10,C0DDA564-6133-4750-847F-102F48B5C7AA,10907.0
2021-03-19,11,10,C0DDA564-6133-4750-847F-102F48B5C7AA,11457.0
2021-03-20,11,10,C0DDA564-6133-4750-847F-102F48B5C7AA,12899.0
2021-03-21,11,10,C0DDA564-6133-4750-847F-102F48B5C7AA,
2021-03-01,9,11,FC70BD02-66C4-453E-A830-0275027A0F98,46.0
2021-03-02,9,11,FC70BD02-66C4-453E-A830-0275027A0F98,41.0
2021-03-03,9,11,FC70BD02-66C4-453E-A830-0275027A0F98,48.0
2021-03-04,9,11,FC70BD02-66C4-453E-A830-0275027A0F98,55.0
2021-03-05,9,11,FC70BD02-66C4-453E-A830-0275027A0F98,78.0
2021-03-07,9,11,FC70BD02-66C4-453E-A830-0275027A0F98,69.0
2021-03-08,10,11,FC70BD02-66C4-453E-A830-0275027A0F98,57.0
2021-03-09,10,11,FC70BD02-66C4-453E-A830-0275027A0F98,42.0
2021-03-10,10,11,FC70BD02-66C4-453E-A830-0275027A0F98,51.0
2021-03-11,10,11,FC70BD02-66C4-453E-A830-0275027A0F98,47.0
2021-03-12,10,11,FC70BD02-66C4-453E-A830-0275027A0F98,92.0
2021-03-13,10,11,FC70BD02-66C4-453E-A830-0275027A0F98,96.0
2021-03-14,10,11,FC70BD02-66C4-453E-A830-0275027A0F98,80.0
2021-03-15,11,11,FC70BD02-66C4-453E-A830-0275027A0F98,54.0
2021-03-16,11,11,FC70BD02-66C4-453E-A830-0275027A0F98,67.0
2021-03-17,11,11,FC70BD02-66C4-453E-A830-0275027A0F98,72.0
2021-03-18,11,11,FC70BD02-66C4-453E-A830-0275027A0F98,52.0
2021-03-19,11,11,FC70BD02-66C4-453E-A830-0275027A0F98,92.0
2021-03-20,11,11,FC70BD02-66C4-453E-A830-0275027A0F98,121.0
2021-03-21,11,11,FC70BD02-66C4-453E-A830-0275027A0F98,
2021-03-01,9,11,C0DDA564-6133-4750-847F-102F48B5C7AA,259.0
2021-03-02,9,11,C0DDA564-6133-4750-847F-102F48B5C7AA,238.0
2021-03-03,9,11,C0DDA564-6133-4750-847F-102F48B5C7AA,231.0
2021-03-04,9,11,C0DDA564-6133-4750-847F-102F48B5C7AA,302.0
2021-03-05,9,11,C0DDA564-6133-4750-847F-102F48B5C7AA,483.0
2021-03-07,9,11,C0DDA564-6133-4750-847F-102F48B5C7AA,488.0
2021-03-08,10,11,C0DDA564-6133-4750-847F-102F48B5C7AA,235.0
2021-03-09,10,11,C0DDA564-6133-4750-847F-102F48B5C7AA,278.0
2021-03-10,10,11,C0DDA564-6133-4750-847F-102F48B5C7AA,289.0
2021-03-11,10,11,C0DDA564-6133-4750-847F-102F48B5C7AA,293.0
2021-03-12,10,11,C0DDA564-6133-4750-847F-102F48B5C7AA,408.0
2021-03-13,10,11,C0DDA564-6133-4750-847F-102F48B5C7AA,615.0
2021-03-14,10,11,C0DDA564-6133-4750-847F-102F48B5C7AA,433.0
2021-03-15,11,11,C0DDA564-6133-4750-847F-102F48B5C7AA,225.0
2021-03-16,11,11,C0DDA564-6133-4750-847F-102F48B5C7AA,309.0
2021-03-17,11,11,C0DDA564-6133-4750-847F-102F48B5C7AA,329.0
2021-03-18,11,11,C0DDA564-6133-4750-847F-102F48B5C7AA,346.0
2021-03-19,11,11,C0DDA564-6133-4750-847F-102F48B5C7AA,479.0
2021-03-20,11,11,C0DDA564-6133-4750-847F-102F48B5C7AA,617.0
2021-03-21,11,11,C0DDA564-6133-4750-847F-102F48B5C7AA,
2021-03-01,9,12,FC70BD02-66C4-453E-A830-0275027A0F98,0.0
2021-03-02,9,12,FC70BD02-66C4-453E-A830-0275027A0F98,0.0
2021-03-03,9,12,FC70BD02-66C4-453E-A830-0275027A0F98,0.0
2021-03-04,9,12,FC70BD02-66C4-453E-A830-0275027A0F98,0.0
2021-03-05,9,12,FC70BD02-66C4-453E-A830-0275027A0F98,0.0
2021-03-07,9,12,FC70BD02-66C4-453E-A830-0275027A0F98,0.0
2021-03-08,10,12,FC70BD02-66C4-453E-A830-0275027A0F98,0.0
2021-03-09,10,12,FC70BD02-66C4-453E-A830-0275027A0F98,0.0
2021-03-10,10,12,FC70BD02-66C4-453E-A830-0275027A0F98,0.0
2021-03-11,10,12,FC70BD02-66C4-453E-A830-0275027A0F98,0.0
2021-03-12,10,12,FC70BD02-66C4-453E-A830-0275027A0F98,0.0
2021-03-13,10,12,FC70BD02-66C4-453E-A830-0275027A0F98,0.0
2021-03-14,10,12,FC70BD02-66C4-453E-A830-0275027A0F98,0.0
2021-03-15,11,12,FC70BD02-66C4-453E-A830-0275027A0F98,0.0
2021-03-16,11,12,FC70BD02-66C4-453E-A830-0275027A0F98,0.0
2021-03-17,11,12,FC70BD02-66C4-453E-A830-0275027A0F98,0.0
2021-03-18,11,12,FC70BD02-66C4-453E-A830-0275027A0F98,0.0
2021-03-19,11,12,FC70BD02-66C4-453E-A830-0275027A0F98,0.0
2021-03-20,11,12,FC70BD02-66C4-453E-A830-0275027A0F98,0.0
2021-03-21,11,12,FC70BD02-66C4-453E-A830-0275027A0F98,
2021-03-01,9,13,FC70BD02-66C4-453E-A830-0275027A0F98,6.0
2021-03-02,9,13,FC70BD02-66C4-453E-A830-0275027A0F98,6.0
2021-03-03,9,13,FC70BD02-66C4-453E-A830-0275027A0F98,7.0
2021-03-04,9,13,FC70BD02-66C4-453E-A830-0275027A0F98,7.0
2021-03-05,9,13,FC70BD02-66C4-453E-A830-0275027A0F98,11.0
2021-03-07,9,13,FC70BD02-66C4-453E-A830-0275027A0F98,5.0
2021-03-08,10,13,FC70BD02-66C4-453E-A830-0275027A0F98,6.0
2021-03-09,10,13,FC70BD02-66C4-453E-A830-0275027A0F98,12.0
2021-03-10,10,13,FC70BD02-66C4-453E-A830-0275027A0F98,3.0
2021-03-11,10,13,FC70BD02-66C4-453E-A830-0275027A0F98,5.0
2021-03-12,10,13,FC70BD02-66C4-453E-A830-0275027A0F98,17.0
2021-03-13,10,13,FC70BD02-66C4-453E-A830-0275027A0F98,20.0
2021-03-14,10,13,FC70BD02-66C4-453E-A830-0275027A0F98,6.0
2021-03-15,11,13,FC70BD02-66C4-453E-A830-0275027A0F98,6.0
2021-03-16,11,13,FC70BD02-66C4-453E-A830-0275027A0F98,9.0
2021-03-17,11,13,FC70BD02-66C4-453E-A830-0275027A0F98,5.0
2021-03-18,11,13,FC70BD02-66C4-453E-A830-0275027A0F98,2.0
2021-03-19,11,13,FC70BD02-66C4-453E-A830-0275027A0F98,4.0
2021-03-20,11,13,FC70BD02-66C4-453E-A830-0275027A0F98,15.0
2021-03-21,11,13,FC70BD02-66C4-453E-A830-0275027A0F98,
2021-03-01,9,13,C0DDA564-6133-4750-847F-102F48B5C7AA,97.0
2021-03-02,9,13,C0DDA564-6133-4750-847F-102F48B5C7AA,101.0
2021-03-03,9,13,C0DDA564-6133-4750-847F-102F48B5C7AA,125.0
2021-03-04,9,13,C0DDA564-6133-4750-847F-102F48B5C7AA,134.0
2021-03-05,9,13,C0DDA564-6133-4750-847F-102F48B5C7AA,264.0
2021-03-07,9,13,C0DDA564-6133-4750-847F-102F48B5C7AA,195.0
2021-03-08,10,13,C0DDA564-6133-4750-847F-102F48B5C7AA,111.0
2021-03-09,10,13,C0DDA564-6133-4750-847F-102F48B5C7AA,105.0
2021-03-10,10,13,C0DDA564-6133-4750-847F-102F48B5C7AA,133.0
2021-03-11,10,13,C0DDA564-6133-4750-847F-102F48B5C7AA,163.0
2021-03-12,10,13,C0DDA564-6133-4750-847F-102F48B5C7AA,236.0
2021-03-13,10,13,C0DDA564-6133-4750-847F-102F48B5C7AA,333.0
2021-03-14,10,13,C0DDA564-6133-4750-847F-102F48B5C7AA,213.0
2021-03-15,11,13,C0DDA564-6133-4750-847F-102F48B5C7AA,124.0
2021-03-16,11,13,C0DDA564-6133-4750-847F-102F48B5C7AA,150.0
2021-03-17,11,13,C0DDA564-6133-4750-847F-102F48B5C7AA,196.0
2021-03-18,11,13,C0DDA564-6133-4750-847F-102F48B5C7AA,175.0
2021-03-19,11,13,C0DDA564-6133-4750-847F-102F48B5C7AA,240.0
2021-03-20,11,13,C0DDA564-6133-4750-847F-102F48B5C7AA,393.0
2021-03-21,11,13,C0DDA564-6133-4750-847F-102F48B5C7AA,
2021-03-01,9,14,FC70BD02-66C4-453E-A830-0275027A0F98,9.0
2021-03-02,9,14,FC70BD02-66C4-453E-A830-0275027A0F98,9.0
2021-03-03,9,14,FC70BD02-66C4-453E-A830-0275027A0F98,7.0
2021-03-04,9,14,FC70BD02-66C4-453E-A830-0275027A0F98,19.0
2021-03-05,9,14,FC70BD02-66C4-453E-A830-0275027A0F98,22.0
2021-03-07,9,14,FC70BD02-66C4-453E-A830-0275027A0F98,13.0
2021-03-08,10,14,FC70BD02-66C4-453E-A830-0275027A0F98,13.0
2021-03-09,10,14,FC70BD02-66C4-453E-A830-0275027A0F98,6.0
2021-03-10,10,14,FC70BD02-66C4-453E-A830-0275027A0F98,20.0
2021-03-11,10,14,FC70BD02-66C4-453E-A830-0275027A0F98,6.0
2021-03-12,10,14,FC70BD02-66C4-453E-A830-0275027A0F98,23.0
2021-03-13,10,14,FC70BD02-66C4-453E-A830-0275027A0F98,22.0
2021-03-14,10,14,FC70BD02-66C4-453E-A830-0275027A0F98,25.0
2021-03-15,11,14,FC70BD02-66C4-453E-A830-0275027A0F98,9.0
2021-03-16,11,14,FC70BD02-66C4-453E-A830-0275027A0F98,14.0
2021-03-17,11,14,FC70BD02-66C4-453E-A830-0275027A0F98,14.0
2021-03-18,11,14,FC70BD02-66C4-453E-A830-0275027A0F98,18.0
2021-03-19,11,14,FC70BD02-66C4-453E-A830-0275027A0F98,30.0
2021-03-20,11,14,FC70BD02-66C4-453E-A830-0275027A0F98,26.0
2021-03-21,11,14,FC70BD02-66C4-453E-A830-0275027A0F98,
2021-03-01,9,14,C0DDA564-6133-4750-847F-102F48B5C7AA,20.0
2021-03-02,9,14,C0DDA564-6133-4750-847F-102F48B5C7AA,22.0
2021-03-03,9,14,C0DDA564-6133-4750-847F-102F48B5C7AA,15.0
2021-03-04,9,14,C0DDA564-6133-4750-847F-102F48B5C7AA,28.0
2021-03-05,9,14,C0DDA564-6133-4750-847F-102F48B5C7AA,40.0
2021-03-07,9,14,C0DDA564-6133-4750-847F-102F48B5C7AA,30.0
2021-03-08,10,14,C0DDA564-6133-4750-847F-102F48B5C7AA,12.0
2021-03-09,10,14,C0DDA564-6133-4750-847F-102F48B5C7AA,18.0
2021-03-10,10,14,C0DDA564-6133-4750-847F-102F48B5C7AA,14.0
2021-03-11,10,14,C0DDA564-6133-4750-847F-102F48B5C7AA,26.0
2021-03-12,10,14,C0DDA564-6133-4750-847F-102F48B5C7AA,41.0
2021-03-13,10,14,C0DDA564-6133-4750-847F-102F48B5C7AA,73.0
2021-03-14,10,14,C0DDA564-6133-4750-847F-102F48B5C7AA,32.0
2021-03-15,11,14,C0DDA564-6133-4750-847F-102F48B5C7AA,19.0
2021-03-16,11,14,C0DDA564-6133-4750-847F-102F48B5C7AA,30.0
2021-03-17,11,14,C0DDA564-6133-4750-847F-102F48B5C7AA,17.0
2021-03-18,11,14,C0DDA564-6133-4750-847F-102F48B5C7AA,21.0
2021-03-19,11,14,C0DDA564-6133-4750-847F-102F48B5C7AA,47.0
2021-03-20,11,14,C0DDA564-6133-4750-847F-102F48B5C7AA,71.0
2021-03-21,11,14,C0DDA564-6133-4750-847F-102F48B5C7AA,
2021-03-01,9,15,FC70BD02-66C4-453E-A830-0275027A0F98,830.0
2021-03-02,9,15,FC70BD02-66C4-453E-A830-0275027A0F98,695.0
2021-03-03,9,15,FC70BD02-66C4-453E-A830-0275027A0F98,591.0
2021-03-04,9,15,FC70BD02-66C4-453E-A830-0275027A0F98,665.0
2021-03-05,9,15,FC70BD02-66C4-453E-A830-0275027A0F98,763.0
2021-03-07,9,15,FC70BD02-66C4-453E-A830-0275027A0F98,1319.0
2021-03-08,10,15,FC70BD02-66C4-453E-A830-0275027A0F98,885.0
2021-03-09,10,15,FC70BD02-66C4-453E-A830-0275027A0F98,761.0
2021-03-10,10,15,FC70BD02-66C4-453E-A830-0275027A0F98,663.0
2021-03-11,10,15,FC70BD02-66C4-453E-A830-0275027A0F98,619.0
2021-03-12,10,15,FC70BD02-66C4-453E-A830-0275027A0F98,717.0
2021-03-13,10,15,FC70BD02-66C4-453E-A830-0275027A0F98,896.0
2021-03-14,10,15,FC70BD02-66C4-453E-A830-0275027A0F98,1209.0
2021-03-20,11,15,FC70BD02-66C4-453E-A830-0275027A0F98,936.0
2021-03-21,11,15,FC70BD02-66C4-453E-A830-0275027A0F98,
2021-03-01,9,15,C0DDA564-6133-4750-847F-102F48B5C7AA,8582.0
2021-03-02,9,15,C0DDA564-6133-4750-847F-102F48B5C7AA,7508.0
2021-03-03,9,15,C0DDA564-6133-4750-847F-102F48B5C7AA,6634.0
2021-03-04,9,15,C0DDA564-6133-4750-847F-102F48B5C7AA,6636.0
2021-03-05,9,15,C0DDA564-6133-4750-847F-102F48B5C7AA,7027.0
2021-03-07,9,15,C0DDA564-6133-4750-847F-102F48B5C7AA,10477.0
2021-03-08,10,15,C0DDA564-6133-4750-847F-102F48B5C7AA,8602.0
2021-03-09,10,15,C0DDA564-6133-4750-847F-102F48B5C7AA,7785.0
2021-03-10,10,15,C0DDA564-6133-4750-847F-102F48B5C7AA,6920.0
2021-03-11,10,15,C0DDA564-6133-4750-847F-102F48B5C7AA,6776.0
2021-03-12,10,15,C0DDA564-6133-4750-847F-102F48B5C7AA,6907.0
2021-03-13,10,15,C0DDA564-6133-4750-847F-102F48B5C7AA,8331.0
2021-03-14,10,15,C0DDA564-6133-4750-847F-102F48B5C7AA,10144.0
2021-03-20,11,15,C0DDA564-6133-4750-847F-102F48B5C7AA,7891.0
2021-03-21,11,15,C0DDA564-6133-4750-847F-102F48B5C7AA,
2021-03-01,9,16,C0DDA564-6133-4750-847F-102F48B5C7AA,0.0
2021-03-02,9,16,C0DDA564-6133-4750-847F-102F48B5C7AA,0.0
2021-03-03,9,16,C0DDA564-6133-4750-847F-102F48B5C7AA,0.0
2021-03-04,9,16,C0DDA564-6133-4750-847F-102F48B5C7AA,0.0
2021-03-05,9,16,C0DDA564-6133-4750-847F-102F48B5C7AA,0.0
2021-03-07,9,16,C0DDA564-6133-4750-847F-102F48B5C7AA,1.0
2021-03-08,10,16,C0DDA564-6133-4750-847F-102F48B5C7AA,0.0
2021-03-09,10,16,C0DDA564-6133-4750-847F-102F48B5C7AA,0.0
2021-03-10,10,16,C0DDA564-6133-4750-847F-102F48B5C7AA,0.0
2021-03-11,10,16,C0DDA564-6133-4750-847F-102F48B5C7AA,0.0
2021-03-12,10,16,C0DDA564-6133-4750-847F-102F48B5C7AA,0.0
2021-03-13,10,16,C0DDA564-6133-4750-847F-102F48B5C7AA,0.0
2021-03-14,10,16,C0DDA564-6133-4750-847F-102F48B5C7AA,0.0
2021-03-15,11,16,C0DDA564-6133-4750-847F-102F48B5C7AA,1.0
2021-03-16,11,16,C0DDA564-6133-4750-847F-102F48B5C7AA,1.0
2021-03-17,11,16,C0DDA564-6133-4750-847F-102F48B5C7AA,0.0
2021-03-18,11,16,C0DDA564-6133-4750-847F-102F48B5C7AA,0.0
2021-03-19,11,16,C0DDA564-6133-4750-847F-102F48B5C7AA,0.0
2021-03-20,11,16,C0DDA564-6133-4750-847F-102F48B5C7AA,0.0
2021-03-21,11,16,C0DDA564-6133-4750-847F-102F48B5C7AA,
2021-03-01,9,17,C0DDA564-6133-4750-847F-102F48B5C7AA,0.0
2021-03-02,9,17,C0DDA564-6133-4750-847F-102F48B5C7AA,0.0
2021-03-03,9,17,C0DDA564-6133-4750-847F-102F48B5C7AA,0.0
2021-03-04,9,17,C0DDA564-6133-4750-847F-102F48B5C7AA,0.0
2021-03-05,9,17,C0DDA564-6133-4750-847F-102F48B5C7AA,1.0
2021-03-07,9,17,C0DDA564-6133-4750-847F-102F48B5C7AA,0.0
2021-03-08,10,17,C0DDA564-6133-4750-847F-102F48B5C7AA,0.0
2021-03-09,10,17,C0DDA564-6133-4750-847F-102F48B5C7AA,0.0
2021-03-10,10,17,C0DDA564-6133-4750-847F-102F48B5C7AA,0.0
2021-03-11,10,17,C0DDA564-6133-4750-847F-102F48B5C7AA,1.0
2021-03-12,10,17,C0DDA564-6133-4750-847F-102F48B5C7AA,0.0
2021-03-13,10,17,C0DDA564-6133-4750-847F-102F48B5C7AA,0.0
2021-03-14,10,17,C0DDA564-6133-4750-847F-102F48B5C7AA,0.0
2021-03-15,11,17,C0DDA564-6133-4750-847F-102F48B5C7AA,0.0
2021-03-16,11,17,C0DDA564-6133-4750-847F-102F48B5C7AA,0.0
2021-03-01,9,18,C0DDA564-6133-4750-847F-102F48B5C7AA,0.0
2021-03-02,9,18,C0DDA564-6133-4750-847F-102F48B5C7AA,0.0
2021-03-03,9,18,C0DDA564-6133-4750-847F-102F48B5C7AA,0.0
2021-03-04,9,18,C0DDA564-6133-4750-847F-102F48B5C7AA,0.0
2021-03-05,9,18,C0DDA564-6133-4750-847F-102F48B5C7AA,0.0
2021-03-07,9,18,C0DDA564-6133-4750-847F-102F48B5C7AA,0.0
2021-03-08,10,18,C0DDA564-6133-4750-847F-102F48B5C7AA,0.0
2021-03-09,10,18,C0DDA564-6133-4750-847F-102F48B5C7AA,0.0
2021-03-10,10,18,C0DDA564-6133-4750-847F-102F48B5C7AA,0.0
2021-03-11,10,18,C0DDA564-6133-4750-847F-102F48B5C7AA,0.0
2021-03-12,10,18,C0DDA564-6133-4750-847F-102F48B5C7AA,0.0
2021-03-13,10,18,C0DDA564-6133-4750-847F-102F48B5C7AA,0.0
2021-03-14,10,18,C0DDA564-6133-4750-847F-102F48B5C7AA,0.0
2021-03-15,11,18,C0DDA564-6133-4750-847F-102F48B5C7AA,0.0
2021-03-16,11,18,C0DDA564-6133-4750-847F-102F48B5C7AA,0.0
2021-03-17,11,18,C0DDA564-6133-4750-847F-102F48B5C7AA,0.0
2021-03-18,11,18,C0DDA564-6133-4750-847F-102F48B5C7AA,0.0
2021-03-19,11,18,C0DDA564-6133-4750-847F-102F48B5C7AA,0.0
2021-03-20,11,18,C0DDA564-6133-4750-847F-102F48B5C7AA,0.0
2021-03-21,11,18,C0DDA564-6133-4750-847F-102F48B5C7AA,
2021-03-01,9,19,C0DDA564-6133-4750-847F-102F48B5C7AA,4.0
2021-03-02,9,19,C0DDA564-6133-4750-847F-102F48B5C7AA,1.0
2021-03-03,9,19,C0DDA564-6133-4750-847F-102F48B5C7AA,7.0
2021-03-04,9,19,C0DDA564-6133-4750-847F-102F48B5C7AA,-1.0
2021-03-05,9,19,C0DDA564-6133-4750-847F-102F48B5C7AA,5.0
2021-03-07,9,19,C0DDA564-6133-4750-847F-102F48B5C7AA,12.0
2021-03-08,10,19,C0DDA564-6133-4750-847F-102F48B5C7AA,6.0
2021-03-09,10,19,C0DDA564-6133-4750-847F-102F48B5C7AA,14.0
2021-03-10,10,19,C0DDA564-6133-4750-847F-102F48B5C7AA,-2.0
2021-03-11,10,19,C0DDA564-6133-4750-847F-102F48B5C7AA,4.0
2021-03-12,10,19,C0DDA564-6133-4750-847F-102F48B5C7AA,3.0
2021-03-13,10,19,C0DDA564-6133-4750-847F-102F48B5C7AA,0.0
2021-03-14,10,19,C0DDA564-6133-4750-847F-102F48B5C7AA,7.0
2021-03-15,11,19,C0DDA564-6133-4750-847F-102F48B5C7AA,4.0
2021-03-16,11,19,C0DDA564-6133-4750-847F-102F48B5C7AA,6.0
2021-03-17,11,19,C0DDA564-6133-4750-847F-102F48B5C7AA,6.0
2021-03-18,11,19,C0DDA564-6133-4750-847F-102F48B5C7AA,7.0
2021-03-19,11,19,C0DDA564-6133-4750-847F-102F48B5C7AA,11.0
2021-03-20,11,19,C0DDA564-6133-4750-847F-102F48B5C7AA,4.0
2021-03-21,11,19,C0DDA564-6133-4750-847F-102F48B5C7AA,
2021-03-01,9,20,C0DDA564-6133-4750-847F-102F48B5C7AA,356.0
2021-03-02,9,20,C0DDA564-6133-4750-847F-102F48B5C7AA,372.0
2021-03-03,9,20,C0DDA564-6133-4750-847F-102F48B5C7AA,348.0
2021-03-04,9,20,C0DDA564-6133-4750-847F-102F48B5C7AA,372.0
2021-03-05,9,20,C0DDA564-6133-4750-847F-102F48B5C7AA,337.0
2021-03-07,9,20,C0DDA564-6133-4750-847F-102F48B5C7AA,350.0
2021-03-08,10,20,C0DDA564-6133-4750-847F-102F48B5C7AA,373.0
2021-03-09,10,20,C0DDA564-6133-4750-847F-102F48B5C7AA,375.0
2021-03-10,10,20,C0DDA564-6133-4750-847F-102F48B5C7AA,341.0
2021-03-11,10,20,C0DDA564-6133-4750-847F-102F48B5C7AA,366.0
2021-03-12,10,20,C0DDA564-6133-4750-847F-102F48B5C7AA,355.0
2021-03-13,10,20,C0DDA564-6133-4750-847F-102F48B5C7AA,369.0
2021-03-14,10,20,C0DDA564-6133-4750-847F-102F48B5C7AA,384.0
2021-03-15,11,20,C0DDA564-6133-4750-847F-102F48B5C7AA,358.0
2021-03-16,11,20,C0DDA564-6133-4750-847F-102F48B5C7AA,350.0
2021-03-17,11,20,C0DDA564-6133-4750-847F-102F48B5C7AA,405.0
2021-03-18,11,20,C0DDA564-6133-4750-847F-102F48B5C7AA,386.0
2021-03-19,11,20,C0DDA564-6133-4750-847F-102F48B5C7AA,373.0
2021-03-20,11,20,C0DDA564-6133-4750-847F-102F48B5C7AA,404.0
2021-03-21,11,20,C0DDA564-6133-4750-847F-102F48B5C7AA,
2021-03-19,11,21,C0DDA564-6133-4750-847F-102F48B5C7AA,0.0
2021-03-20,11,21,C0DDA564-6133-4750-847F-102F48B5C7AA,0.0
2021-03-21,11,21,C0DDA564-6133-4750-847F-102F48B5C7AA,
2021-03-01,9,22,C0DDA564-6133-4750-847F-102F48B5C7AA,63.0
2021-03-02,9,22,C0DDA564-6133-4750-847F-102F48B5C7AA,61.0
2021-03-03,9,22,C0DDA564-6133-4750-847F-102F48B5C7AA,40.0
2021-03-04,9,22,C0DDA564-6133-4750-847F-102F48B5C7AA,58.0
2021-03-05,9,22,C0DDA564-6133-4750-847F-102F48B5C7AA,65.0
2021-03-07,9,22,C0DDA564-6133-4750-847F-102F48B5C7AA,82.0
2021-03-08,10,22,C0DDA564-6133-4750-847F-102F48B5C7AA,66.0
2021-03-09,10,22,C0DDA564-6133-4750-847F-102F48B5C7AA,69.0
2021-03-10,10,22,C0DDA564-6133-4750-847F-102F48B5C7AA,51.0
2021-03-11,10,22,C0DDA564-6133-4750-847F-102F48B5C7AA,42.0
2021-03-12,10,22,C0DDA564-6133-4750-847F-102F48B5C7AA,50.0
2021-03-13,10,22,C0DDA564-6133-4750-847F-102F48B5C7AA,52.0
2021-03-14,10,22,C0DDA564-6133-4750-847F-102F48B5C7AA,60.0
2021-03-15,11,22,C0DDA564-6133-4750-847F-102F48B5C7AA,46.0
2021-03-16,11,22,C0DDA564-6133-4750-847F-102F48B5C7AA,46.0
2021-03-17,11,22,C0DDA564-6133-4750-847F-102F48B5C7AA,48.0
2021-03-18,11,22,C0DDA564-6133-4750-847F-102F48B5C7AA,48.0
2021-03-19,11,22,C0DDA564-6133-4750-847F-102F48B5C7AA,47.0
2021-03-20,11,22,C0DDA564-6133-4750-847F-102F48B5C7AA,70.0
2021-03-21,11,22,C0DDA564-6133-4750-847F-102F48B5C7AA,
2021-03-01,9,23,C0DDA564-6133-4750-847F-102F48B5C7AA,0.0
2021-03-02,9,23,C0DDA564-6133-4750-847F-102F48B5C7AA,0.0
2021-03-03,9,23,C0DDA564-6133-4750-847F-102F48B5C7AA,0.0
2021-03-04,9,23,C0DDA564-6133-4750-847F-102F48B5C7AA,0.0
2021-03-05,9,23,C0DDA564-6133-4750-847F-102F48B5C7AA,0.0
2021-03-07,9,23,C0DDA564-6133-4750-847F-102F48B5C7AA,0.0
2021-03-08,10,23,C0DDA564-6133-4750-847F-102F48B5C7AA,0.0
2021-03-09,10,23,C0DDA564-6133-4750-847F-102F48B5C7AA,0.0
2021-03-10,10,23,C0DDA564-6133-4750-847F-102F48B5C7AA,0.0
2021-03-11,10,23,C0DDA564-6133-4750-847F-102F48B5C7AA,0.0
2021-03-12,10,23,C0DDA564-6133-4750-847F-102F48B5C7AA,0.0
2021-03-13,10,23,C0DDA564-6133-4750-847F-102F48B5C7AA,0.0
2021-03-14,10,23,C0DDA564-6133-4750-847F-102F48B5C7AA,0.0
2021-03-15,11,23,C0DDA564-6133-4750-847F-102F48B5C7AA,1.0
2021-03-16,11,23,C0DDA564-6133-4750-847F-102F48B5C7AA,0.0
2021-03-17,11,23,C0DDA564-6133-4750-847F-102F48B5C7AA,0.0
2021-03-18,11,23,C0DDA564-6133-4750-847F-102F48B5C7AA,0.0
2021-03-19,11,23,C0DDA564-6133-4750-847F-102F48B5C7AA,0.0
2021-03-20,11,23,C0DDA564-6133-4750-847F-102F48B5C7AA,1.0
2021-03-21,11,23,C0DDA564-6133-4750-847F-102F48B5C7AA,
